{
  "query": {
    "top": [498.94273934951906, 517.0],
    "bottom": [507.0, 640.0],
    "height": 1.75
  },

  "target": {
    "top": [394.37934186471665, 412.0],
    "bottom": [398.0, 645.0]
  }
}
